Input,Unit Number,Unit Type,Lesse,Status,City,Depot,Manuf. Year/Month,Manufacturer
segu7300009,SEGU7300009,OT4 - 40' Open Top,CMA CGM,On Hire,MCH-CN-ZYC - Changzhou Manuf,Changzhou Xinhuachang International - 9521,2011/12,CXIC Group Hong Kong Company Limited - CXIC CHANGZ
segu7300014,SEGU7300014,OT4 - 40' Open Top,CMA CGM,On Hire,NEA-KR-PUS - Busan,New Continental Logistics Co Ltd - 1973,2011/12,CXIC Group Hong Kong Company Limited - CXIC CHANGZ
segu7300020,SEGU7300020,OT4 - 40' Open Top,CMA CGM,On Hire,MCH-CN-ZYC - Changzhou Manuf,Changzhou Xinhuachang International - 9521,2011/12,CXIC Group Hong Kong Company Limited - CXIC CHANGZ
segu7300035,SEGU7300035,OT4 - 40' Open Top,CMA CGM,On Hire,MCH-CN-ZYC - Changzhou Manuf,Changzhou Xinhuachang International - 9521,2011/12,CXIC Group Hong Kong Company Limited - CXIC CHANGZ
segu7300040,SEGU7300040,OT4 - 40' Open Top,CMA CGM,On Hire,MCH-CN-ZYC - Changzhou Manuf,Changzhou Xinhuachang International - 9521,2011/12,CXIC Group Hong Kong Company Limited - CXIC CHANGZ
segu7300056,SEGU7300056,OT4 - 40' Open Top,CMA CGM,On Hire,MCH-CN-ZYC - Changzhou Manuf,Changzhou Xinhuachang International - 9521,2011/12,CXIC Group Hong Kong Company Limited - CXIC CHANGZ
segu7300061,SEGU7300061,OT4 - 40' Open Top,CMA CGM,On Hire,MCH-CN-ZYC - Changzhou Manuf,Changzhou Xinhuachang International - 9521,2011/12,CXIC Group Hong Kong Company Limited - CXIC CHANGZ
segu7300077,SEGU7300077,OT4 - 40' Open Top,CMA CGM,On Hire,MCH-CN-ZYC - Changzhou Manuf,Changzhou Xinhuachang International - 9521,2011/12,CXIC Group Hong Kong Company Limited - CXIC CHANGZ
segu7300082,SEGU7300082,OT4 - 40' Open Top,CJ ICM FZCO,On Hire,SEA-MY-PKG - Port Klang,New EngKong Container Logistic Ser. - 1241,2011/12,CXIC Group Hong Kong Company Limited - CXIC CHANGZ
segu7300098,SEGU7300098,OT4 - 40' Open Top,CMA CGM,On Hire,MCH-CN-ZYC - Changzhou Manuf,Changzhou Xinhuachang International - 9521,2011/12,CXIC Group Hong Kong Company Limited - CXIC CHANGZ
segu7300101,SEGU7300101,OT4 - 40' Open Top,CMA CGM,On Hire,MCH-CN-ZYC - Changzhou Manuf,Changzhou Xinhuachang International - 9521,2011/12,CXIC Group Hong Kong Company Limited - CXIC CHANGZ
segu7300117,SEGU7300117,OT4 - 40' Open Top,CMA CGM,On Hire,MCH-CN-ZYC - Changzhou Manuf,Changzhou Xinhuachang International - 9521,2011/12,CXIC Group Hong Kong Company Limited - CXIC CHANGZ
segu7300122,SEGU7300122,OT4 - 40' Open Top,CMA CGM,On Hire,MCH-CN-ZYC - Changzhou Manuf,Changzhou Xinhuachang International - 9521,2011/12,CXIC Group Hong Kong Company Limited - CXIC CHANGZ
segu7300138,SEGU7300138,OT4 - 40' Open Top,CMA CGM,On Hire,MCH-CN-ZYC - Changzhou Manuf,Changzhou Xinhuachang International - 9521,2011/12,CXIC Group Hong Kong Company Limited - CXIC CHANGZ
segu7300143,SEGU7300143,OT4 - 40' Open Top,CMA CGM,On Hire,MCH-CN-ZYC - Changzhou Manuf,Changzhou Xinhuachang International - 9521,2011/12,CXIC Group Hong Kong Company Limited - CXIC CHANGZ
segu7300159,SEGU7300159,OT4 - 40' Open Top,CMA CGM,On Hire,MCH-CN-ZYC - Changzhou Manuf,Changzhou Xinhuachang International - 9521,2011/12,CXIC Group Hong Kong Company Limited - CXIC CHANGZ
segu7300164,SEGU7300164,OT4 - 40' Open Top,CMA CGM,On Hire,MCH-CN-ZYC - Changzhou Manuf,Changzhou Xinhuachang International - 9521,2011/12,CXIC Group Hong Kong Company Limited - CXIC CHANGZ
segu7300170,SEGU7300170,OT4 - 40' Open Top,CMA CGM,On Hire,MCH-CN-ZYC - Changzhou Manuf,Changzhou Xinhuachang International - 9521,2011/12,CXIC Group Hong Kong Company Limited - CXIC CHANGZ
segu7300185,SEGU7300185,OT4 - 40' Open Top,CMA CGM,On Hire,MCH-CN-ZYC - Changzhou Manuf,Changzhou Xinhuachang International - 9521,2011/12,CXIC Group Hong Kong Company Limited - CXIC CHANGZ
segu7300190,SEGU7300190,OT4 - 40' Open Top,CMA CGM,On Hire,MCH-CN-ZYC - Changzhou Manuf,Changzhou Xinhuachang International - 9521,2011/12,CXIC Group Hong Kong Company Limited - CXIC CHANGZ
segu7300204,SEGU7300204,OT4 - 40' Open Top,Ocean Network Express Pte. Ltd.,On Hire,MCH-CN-SHA - Shanghai,Greating Fortune Shanghai Container - 1713,2011/12,CXIC Group Hong Kong Company Limited - CXIC CHANGZ
segu7300210,SEGU7300210,OT4 - 40' Open Top,MSC Mediterranean Shipping Company,On Hire,MED-ES-BCN - Barcelona,Tecnica Y Manutencion S.L.(TYMSA) - 1999,2011/12,CXIC Group Hong Kong Company Limited - CXIC CHANGZ
segu7300225,SEGU7300225,OT4 - 40' Open Top,CMA CGM,On Hire,MCH-CN-ZYC - Changzhou Manuf,Changzhou Xinhuachang International - 9521,2011/12,CXIC Group Hong Kong Company Limited - CXIC CHANGZ
segu7300230,SEGU7300230,OT4 - 40' Open Top,CMA CGM,On Hire,MCH-CN-ZYC - Changzhou Manuf,Changzhou Xinhuachang International - 9521,2011/12,CXIC Group Hong Kong Company Limited - CXIC CHANGZ
segu7300246,SEGU7300246,OT4 - 40' Open Top,CMA CGM,On Hire,MCH-CN-ZYC - Changzhou Manuf,Changzhou Xinhuachang International - 9521,2011/12,CXIC Group Hong Kong Company Limited - CXIC CHANGZ
segu7300251,SEGU7300251,OT4 - 40' Open Top,CMA CGM,On Hire,MCH-CN-ZYC - Changzhou Manuf,Changzhou Xinhuachang International - 9521,2011/12,CXIC Group Hong Kong Company Limited - CXIC CHANGZ
segu7300267,SEGU7300267,OT4 - 40' Open Top,CMA CGM,On Hire,MCH-CN-ZYC - Changzhou Manuf,Changzhou Xinhuachang International - 9521,2011/12,CXIC Group Hong Kong Company Limited - CXIC CHANGZ
segu7300272,SEGU7300272,OT4 - 40' Open Top,CMA CGM,On Hire,MCH-CN-SHA - Shanghai,Greating Fortune Shanghai Container - 1713,2011/12,CXIC Group Hong Kong Company Limited - CXIC CHANGZ
segu7300288,SEGU7300288,OT4 - 40' Open Top,CMA CGM,On Hire,MCH-CN-ZYC - Changzhou Manuf,Changzhou Xinhuachang International - 9521,2011/12,CXIC Group Hong Kong Company Limited - CXIC CHANGZ
segu7300293,SEGU7300293,OT4 - 40' Open Top,CMA CGM,On Hire,MCH-CN-ZYC - Changzhou Manuf,Changzhou Xinhuachang International - 9521,2011/12,CXIC Group Hong Kong Company Limited - CXIC CHANGZ
segu7300307,SEGU7300307,OT4 - 40' Open Top,CMA CGM,On Hire,MCH-CN-ZYC - Changzhou Manuf,Changzhou Xinhuachang International - 9521,2011/12,CXIC Group Hong Kong Company Limited - CXIC CHANGZ
segu7300312,SEGU7300312,OT4 - 40' Open Top,CMA CGM,On Hire,MCH-CN-ZYC - Changzhou Manuf,Changzhou Xinhuachang International - 9521,2011/12,CXIC Group Hong Kong Company Limited - CXIC CHANGZ
segu7300333,SEGU7300333,OT4 - 40' Open Top,CMA CGM,On Hire,MCH-CN-ZYC - Changzhou Manuf,Changzhou Xinhuachang International - 9521,2011/12,CXIC Group Hong Kong Company Limited - CXIC CHANGZ
segu7300349,SEGU7300349,OT4 - 40' Open Top,CMA CGM,On Hire,MCH-CN-ZYC - Changzhou Manuf,Changzhou Xinhuachang International - 9521,2011/12,CXIC Group Hong Kong Company Limited - CXIC CHANGZ
segu7300354,SEGU7300354,OT4 - 40' Open Top,CMA CGM,Off Hire,NWE-BE-ANR - Antwerp,DR Depots BV - 2522,2011/12,CXIC Group Hong Kong Company Limited - CXIC CHANGZ
segu7300328,Timeout,Timeout,Timeout,Timeout,Timeout,Timeout,Timeout,Timeout
segu7300360,Timeout,Timeout,Timeout,Timeout,Timeout,Timeout,Timeout,Timeout
segu7300380,Timeout,Timeout,Timeout,Timeout,Timeout,Timeout,Timeout,Timeout
segu7300396,Timeout,Timeout,Timeout,Timeout,Timeout,Timeout,Timeout,Timeout
segu7300400,SEGU7300400,OT4 - 40' Open Top,CMA CGM,On Hire,MCH-CN-ZYC - Changzhou Manuf,Changzhou Xinhuachang International - 9521,2011/12,CXIC Group Hong Kong Company Limited - CXIC CHANGZ
segu7300375,SEGU7300375,OT4 - 40' Open Top,CMA CGM,On Hire,MCH-CN-ZYC - Changzhou Manuf,Changzhou Xinhuachang International - 9521,2011/12,CXIC Group Hong Kong Company Limited - CXIC CHANGZ
segu7300415,Timeout,Timeout,Timeout,Timeout,Timeout,Timeout,Timeout,Timeout
segu7300420,Timeout,Timeout,Timeout,Timeout,Timeout,Timeout,Timeout,Timeout
segu7300436,SEGU7300436,OT4 - 40' Open Top,CMA CGM,On Hire,MCH-CN-ZYC - Changzhou Manuf,Changzhou Xinhuachang International - 9521,2011/12,CXIC Group Hong Kong Company Limited - CXIC CHANGZ
segu7300441,SEGU7300441,OT4 - 40' Open Top,Sarjak Container Lines Pvt. Ltd & S,On Hire,SEA-SG-SIN - Singapore,Eng Kong Container Agencies Pte Ltd - 1547,2011/12,CXIC Group Hong Kong Company Limited - CXIC CHANGZ
segu7300457,Timeout,Timeout,Timeout,Timeout,Timeout,Timeout,Timeout,Timeout
segu7300462,Timeout,Timeout,Timeout,Timeout,Timeout,Timeout,Timeout,Timeout
segu7300478,SEGU7300478,OT4 - 40' Open Top,CMA CGM,On Hire,MCH-CN-ZYC - Changzhou Manuf,Changzhou Xinhuachang International - 9521,2011/12,CXIC Group Hong Kong Company Limited - CXIC CHANGZ
segu7300483,Timeout,Timeout,Timeout,Timeout,Timeout,Timeout,Timeout,Timeout
segu7300499,SEGU7300499,OT4 - 40' Open Top,CMA CGM,On Hire,MCH-CN-ZYC - Changzhou Manuf,Changzhou Xinhuachang International - 9521,2011/12,CXIC Group Hong Kong Company Limited - CXIC CHANGZ
segu7300502,Timeout,Timeout,Timeout,Timeout,Timeout,Timeout,Timeout,Timeout
segu7300518,SEGU7300518,OT4 - 40' Open Top,CMA CGM,On Hire,MCH-CN-ZYC - Changzhou Manuf,Changzhou Xinhuachang International - 9521,2011/12,CXIC Group Hong Kong Company Limited - CXIC CHANGZ
segu7300523,SEGU7300523,OT4 - 40' Open Top,CMA CGM,On Hire,MCH-CN-ZYC - Changzhou Manuf,Changzhou Xinhuachang International - 9521,2011/12,CXIC Group Hong Kong Company Limited - CXIC CHANGZ
segu7300539,SEGU7300539,OT4 - 40' Open Top,CMA CGM,On Hire,MCH-CN-ZYC - Changzhou Manuf,Changzhou Xinhuachang International - 9521,2011/12,CXIC Group Hong Kong Company Limited - CXIC CHANGZ
segu7300544,SEGU7300544,OT4 - 40' Open Top,CMA CGM,On Hire,MCH-CN-ZYC - Changzhou Manuf,Changzhou Xinhuachang International - 9521,2011/12,CXIC Group Hong Kong Company Limited - CXIC CHANGZ
segu7300550,SEGU7300550,OT4 - 40' Open Top,Transinsular-Transportes Maritimos,On Hire,MED-PT-QQQ - Portugal Pier,Portugese Pier Depot - 9008,2011/12,CXIC Group Hong Kong Company Limited - CXIC CHANGZ
segu7300565,SEGU7300565,OT4 - 40' Open Top,CMA CGM,On Hire,MCH-CN-ZYC - Changzhou Manuf,Changzhou Xinhuachang International - 9521,2011/12,CXIC Group Hong Kong Company Limited - CXIC CHANGZ
segu7300570,SEGU7300570,OT4 - 40' Open Top,CMA CGM,On Hire,MCH-CN-ZYC - Changzhou Manuf,Changzhou Xinhuachang International - 9521,2011/12,CXIC Group Hong Kong Company Limited - CXIC CHANGZ
segu7300586,SEGU7300586,OT4 - 40' Open Top,CMA CGM,On Hire,MCH-CN-ZYC - Changzhou Manuf,Changzhou Xinhuachang International - 9521,2011/12,CXIC Group Hong Kong Company Limited - CXIC CHANGZ
segu7300591,Timeout,Timeout,Timeout,Timeout,Timeout,Timeout,Timeout,Timeout
segu7300605,SEGU7300605,OT4 - 40' Open Top,CMA CGM,On Hire,MCH-CN-ZYC - Changzhou Manuf,Changzhou Xinhuachang International - 9521,2011/12,CXIC Group Hong Kong Company Limited - CXIC CHANGZ
segu7300610,SEGU7300610,OT4 - 40' Open Top,CMA CGM,On Hire,MCH-CN-ZYC - Changzhou Manuf,Changzhou Xinhuachang International - 9521,2011/12,CXIC Group Hong Kong Company Limited - CXIC CHANGZ
segu7300626,SEGU7300626,OT4 - 40' Open Top,CMA CGM,On Hire,MCH-CN-ZYC - Changzhou Manuf,Changzhou Xinhuachang International - 9521,2011/12,CXIC Group Hong Kong Company Limited - CXIC CHANGZ
segu7300631,SEGU7300631,OT4 - 40' Open Top,CMA CGM,On Hire,MCH-CN-ZYC - Changzhou Manuf,Changzhou Xinhuachang International - 9521,2011/12,CXIC Group Hong Kong Company Limited - CXIC CHANGZ
segu7300647,SEGU7300647,OT4 - 40' Open Top,CMA CGM,On Hire,MCH-CN-ZYC - Changzhou Manuf,Changzhou Xinhuachang International - 9521,2011/12,CXIC Group Hong Kong Company Limited - CXIC CHANGZ
segu7300652,SEGU7300652,OT4 - 40' Open Top,CMA CGM,On Hire,MCH-CN-ZYC - Changzhou Manuf,Changzhou Xinhuachang International - 9521,2011/12,CXIC Group Hong Kong Company Limited - CXIC CHANGZ
segu7300668,Timeout,Timeout,Timeout,Timeout,Timeout,Timeout,Timeout,Timeout
segu7300673,Timeout,Timeout,Timeout,Timeout,Timeout,Timeout,Timeout,Timeout
segu7300689,SEGU7300689,OT4 - 40' Open Top,CMA CGM,On Hire,MCH-CN-ZYC - Changzhou Manuf,Changzhou Xinhuachang International - 9521,2011/12,CXIC Group Hong Kong Company Limited - CXIC CHANGZ
segu7300694,SEGU7300694,OT4 - 40' Open Top,"Sinotrans Container Lines Co., Ltd",On Hire,MCH-CN-SHA - Shanghai,Greating Fortune Shanghai Container - 1713,2011/12,CXIC Group Hong Kong Company Limited - CXIC CHANGZ
segu7300708,Timeout,Timeout,Timeout,Timeout,Timeout,Timeout,Timeout,Timeout
segu7300713,Timeout,Timeout,Timeout,Timeout,Timeout,Timeout,Timeout,Timeout
segu7300729,Timeout,Timeout,Timeout,Timeout,Timeout,Timeout,Timeout,Timeout
segu7300734,Timeout,Timeout,Timeout,Timeout,Timeout,Timeout,Timeout,Timeout
segu7300740,SEGU7300740,OT4 - 40' Open Top,CMA CGM,On Hire,MCH-CN-SHA - Shanghai,Greating Fortune Shanghai Container - 1713,2011/12,CXIC Group Hong Kong Company Limited - CXIC CHANGZ
segu7300755,SEGU7300755,OT4 - 40' Open Top,Ceekay Shipping Pte Ltd & Parekh,On Hire,NWE-BE-ANR - Antwerp,Teveco NV - 1918,2011/12,CXIC Group Hong Kong Company Limited - CXIC CHANGZ
segu7300760,SEGU7300760,OT4 - 40' Open Top,Sold,,Not Found,Not Found,GB/C16735LR/2011,CXIC Group Hong Kong Company Limited - CXIC CHANGZ
segu7300776,SEGU7300776,OT4 - 40' Open Top,CMA CGM,On Hire,MCH-CN-ZYC - Changzhou Manuf,Changzhou Xinhuachang International - 9521,2011/12,CXIC Group Hong Kong Company Limited - CXIC CHANGZ
segu7300781,SEGU7300781,OT4 - 40' Open Top,Sarjak Container Lines Pvt. Ltd & S,On Hire,NWE-DE-HAM - Hamburg,Remain GmbH - 1184,2011/12,CXIC Group Hong Kong Company Limited - CXIC CHANGZ
segu7300797,SEGU7300797,OT4 - 40' Open Top,Sarjak Container Lines Pvt. Ltd & S,On Hire,NWE-DE-HAM - Hamburg,Remain GmbH - 1184,2011/12,CXIC Group Hong Kong Company Limited - CXIC CHANGZ
segu7300800,SEGU7300800,OT4 - 40' Open Top,Ocean Network Express Pte. Ltd.,On Hire,NWE-DE-HAM - Hamburg,HCS Hamburger Container Service GmbH - 1743,2011/12,CXIC Group Hong Kong Company Limited - CXIC CHANGZ
segu7300816,SEGU7300816,OT4 - 40' Open Top,CMA CGM,On Hire,MCH-CN-ZYC - Changzhou Manuf,Changzhou Xinhuachang International - 9521,2011/12,CXIC Group Hong Kong Company Limited - CXIC CHANGZ
segu7300821,SEGU7300821,OT4 - 40' Open Top,"Fuzhou Mawei Shipping Co., Ltd. & F",On Hire,SCH-CN-XMN - Xiamen,Xiamen ITG Tidak Bonded Logistics C - 2627,2011/12,CXIC Group Hong Kong Company Limited - CXIC CHANGZ
segu7300837,SEGU7300837,OT4 - 40' Open Top,CMA CGM,On Hire,MCH-CN-ZYC - Changzhou Manuf,Changzhou Xinhuachang International - 9521,2011/12,CXIC Group Hong Kong Company Limited - CXIC CHANGZ
segu7300842,SEGU7300842,OT4 - 40' Open Top,CMA CGM,On Hire,MCH-CN-ZYC - Changzhou Manuf,Changzhou Xinhuachang International - 9521,2011/12,CXIC Group Hong Kong Company Limited - CXIC CHANGZ
segu7300858,Timeout,Timeout,Timeout,Timeout,Timeout,Timeout,Timeout,Timeout
segu7300863,SEGU7300863,OT4 - 40' Open Top,CMA CGM,On Hire,MCH-CN-ZYC - Changzhou Manuf,Changzhou Xinhuachang International - 9521,2011/12,CXIC Group Hong Kong Company Limited - CXIC CHANGZ
segu7300879,SEGU7300879,OT4 - 40' Open Top,CMA CGM,On Hire,MCH-CN-ZYC - Changzhou Manuf,Changzhou Xinhuachang International - 9521,2011/12,CXIC Group Hong Kong Company Limited - CXIC CHANGZ
segu7300884,SEGU7300884,OT4 - 40' Open Top,CMA CGM,On Hire,MCH-CN-ZYC - Changzhou Manuf,Changzhou Xinhuachang International - 9521,2011/12,CXIC Group Hong Kong Company Limited - CXIC CHANGZ

segu7300890,SEGU7300890,OT4 - 40' Open Top,CMA CGM,On Hire,MCH-CN-ZYC - Changzhou Manuf,Changzhou Xinhuachang International - 9521,2011/12,CXIC Group Hong Kong Company Limited - CXIC CHANGZ
segu7300903,SEGU7300903,OT4 - 40' Open Top,Sold,,Not Found,Not Found,GB/C16735LR/2011,CXIC Group Hong Kong Company Limited - CXIC CHANGZ
segu7300919,SEGU7300919,OT4 - 40' Open Top,CMA CGM,On Hire,MCH-CN-ZYC - Changzhou Manuf,Changzhou Xinhuachang International - 9521,2011/12,CXIC Group Hong Kong Company Limited - CXIC CHANGZ
segu7300924,SEGU7300924,OT4 - 40' Open Top,CMA CGM,On Hire,MCH-CN-ZYC - Changzhou Manuf,Changzhou Xinhuachang International - 9521,2011/12,CXIC Group Hong Kong Company Limited - CXIC CHANGZ
segu7300930,SEGU7300930,OT4 - 40' Open Top,CMA CGM,On Hire,MCH-CN-ZYC - Changzhou Manuf,Changzhou Xinhuachang International - 9521,2011/12,CXIC Group Hong Kong Company Limited - CXIC CHANGZ
segu7300945,SEGU7300945,OT4 - 40' Open Top,CMA CGM,On Hire,MCH-CN-ZYC - Changzhou Manuf,Changzhou Xinhuachang International - 9521,2011/12,CXIC Group Hong Kong Company Limited - CXIC CHANGZ
segu7300950,SEGU7300950,OT4 - 40' Open Top,CMA CGM,On Hire,MCH-CN-ZYC - Changzhou Manuf,Changzhou Xinhuachang International - 9521,2011/12,CXIC Group Hong Kong Company Limited - CXIC CHANGZ
segu7300966,SEGU7300966,OT4 - 40' Open Top,CMA CGM,On Hire,MCH-CN-ZYC - Changzhou Manuf,Changzhou Xinhuachang International - 9521,2011/12,CXIC Group Hong Kong Company Limited - CXIC CHANGZ
segu7300971,SEGU7300971,OT4 - 40' Open Top,CMA CGM,On Hire,MCH-CN-ZYC - Changzhou Manuf,Changzhou Xinhuachang International - 9521,2011/12,CXIC Group Hong Kong Company Limited - CXIC CHANGZ
segu7300987,SEGU7300987,OT4 - 40' Open Top,CMA CGM,On Hire,MCH-CN-ZYC - Changzhou Manuf,Changzhou Xinhuachang International - 9521,2011/12,CXIC Group Hong Kong Company Limited - CXIC CHANGZ
segu7300992,SEGU7300992,OT4 - 40' Open Top,CMA CGM,On Hire,MCH-CN-ZYC - Changzhou Manuf,Changzhou Xinhuachang International - 9521,2011/12,CXIC Group Hong Kong Company Limited - CXIC CHANGZ
segu7301005,SEGU7301005,OT4 - 40' Open Top,CMA CGM,On Hire,NEA-KR-PUS - Busan,New Continental Logistics Co Ltd - 1973,2011/12,CXIC Group Hong Kong Company Limited - CXIC CHANGZ
segu7301010,SEGU7301010,OT4 - 40' Open Top,CMA CGM,On Hire,NEA-KR-PUS - Busan,Newcontinental 2CY - 2561,2011/12,CXIC Group Hong Kong Company Limited - CXIC CHANGZ
segu7301026,SEGU7301026,OT4 - 40' Open Top,"Sinotrans Container Lines Co., Ltd",On Hire,MCH-CN-SHA - Shanghai,Greating Fortune Shanghai Container - 1713,2011/12,CXIC Group Hong Kong Company Limited - CXIC CHANGZ
segu7301031,Timeout,Timeout,Timeout,Timeout,Timeout,Timeout,Timeout,Timeout
segu7301047,Timeout,Timeout,Timeout,Timeout,Timeout,Timeout,Timeout,Timeout
segu7301052,Timeout,Timeout,Timeout,Timeout,Timeout,Timeout,Timeout,Timeout
segu7301068,Timeout,Timeout,Timeout,Timeout,Timeout,Timeout,Timeout,Timeout
segu7301073,Timeout,Timeout,Timeout,Timeout,Timeout,Timeout,Timeout,Timeout
segu7301089,Timeout,Timeout,Timeout,Timeout,Timeout,Timeout,Timeout,Timeout
segu7301094,Timeout,Timeout,Timeout,Timeout,Timeout,Timeout,Timeout,Timeout
segu7301108,Timeout,Timeout,Timeout,Timeout,Timeout,Timeout,Timeout,Timeout
segu7301113,Timeout,Timeout,Timeout,Timeout,Timeout,Timeout,Timeout,Timeout
segu7301129,SEGU7301129,OT4 - 40' Open Top,CMA CGM,On Hire,MCH-CN-ZYC - Changzhou Manuf,Changzhou Xinhuachang International - 9521,2011/12,CXIC Group Hong Kong Company Limited - CXIC CHANGZ
segu7301140,SEGU7301140,OT4 - 40' Open Top,Ceekay Shipping Pte Ltd & Parekh,On Hire,ISC-IN-MAA - Chennai,Bay Container Term Pvt Ltd (Madras) - 1296,2011/12,CXIC Group Hong Kong Company Limited - CXIC CHANGZ
segu7301155,SEGU7301155,OT4 - 40' Open Top,Ocean Network Express Pte. Ltd.,On Hire,NWE-NL-RTM - Rotterdam,Cetem Containers Bv - 2118,2011/12,CXIC Group Hong Kong Company Limited - CXIC CHANGZ
segu7301160,SEGU7301160,OT4 - 40' Open Top,CMA CGM,On Hire,MCH-CN-ZYC - Changzhou Manuf,Changzhou Xinhuachang International - 9521,2011/12,CXIC Group Hong Kong Company Limited - CXIC CHANGZ
segu7301176,SEGU7301176,OT4 - 40' Open Top,CMA CGM,On Hire,MCH-CN-ZYC - Changzhou Manuf,Changzhou Xinhuachang International - 9521,2011/12,CXIC Group Hong Kong Company Limited - CXIC CHANGZ
segu7301181,SEGU7301181,OT4 - 40' Open Top,FESCO Ocean Management Limited,On Hire,MCH-CN-SHA - Shanghai,Greating Fortune Shanghai Container - 1713,2011/12,CXIC Group Hong Kong Company Limited - CXIC CHANGZ
segu7301197,SEGU7301197,OT4 - 40' Open Top,Sold,,Not Found,Not Found,GB/C16735LR/2011,CXIC Group Hong Kong Company Limited - CXIC CHANGZ
segu7301200,SEGU7301200,OT4 - 40' Open Top,CMA CGM,On Hire,MCH-CN-SHA - Shanghai,Greating Fortune Shanghai Container - 1713,2011/12,CXIC Group Hong Kong Company Limited - CXIC CHANGZ
segu7301216,SEGU7301216,OT4 - 40' Open Top,"Matson Navigation Company, Inc",On Hire,MCH-CN-NGB - Ningbo,Greating Fortune(Ningbo)Logistics Co Ltd - 1771,2011/12,CXIC Group Hong Kong Company Limited - CXIC CHANGZ
segu7301221,SEGU7301221,OT4 - 40' Open Top,Transinsular-Transportes Maritimos,On Hire,MED-PT-QQQ - Portugal Pier,Portugese Pier Depot - 9008,2011/12,CXIC Group Hong Kong Company Limited - CXIC CHANGZ
segu7301237,SEGU7301237,OT4 - 40' Open Top,CMA CGM,On Hire,MCH-CN-ZYC - Changzhou Manuf,Changzhou Xinhuachang International - 9521,2011/12,CXIC Group Hong Kong Company Limited - CXIC CHANGZ
segu7301242,SEGU7301242,OT4 - 40' Open Top,CMA CGM,On Hire,MCH-CN-ZYC - Changzhou Manuf,Changzhou Xinhuachang International - 9521,2011/12,CXIC Group Hong Kong Company Limited - CXIC CHANGZ
segu7301258,SEGU7301258,OT4 - 40' Open Top,CMA CGM,On Hire,MCH-CN-ZYC - Changzhou Manuf,Changzhou Xinhuachang International - 9521,2011/12,CXIC Group Hong Kong Company Limited - CXIC CHANGZ
segu7301263,SEGU7301263,OT4 - 40' Open Top,CMA CGM,On Hire,MCH-CN-ZYC - Changzhou Manuf,Changzhou Xinhuachang International - 9521,2011/12,CXIC Group Hong Kong Company Limited - CXIC CHANGZ
segu7301279,SEGU7301279,OT4 - 40' Open Top,CMA CGM,On Hire,MCH-CN-ZYC - Changzhou Manuf,Changzhou Xinhuachang International - 9521,2011/12,CXIC Group Hong Kong Company Limited - CXIC CHANGZ
segu7301284,SEGU7301284,OT4 - 40' Open Top,CMA CGM,On Hire,MCH-CN-ZYC - Changzhou Manuf,Changzhou Xinhuachang International - 9521,2011/12,CXIC Group Hong Kong Company Limited - CXIC CHANGZ
segu7301290,SEGU7301290,OT4 - 40' Open Top,CMA CGM,On Hire,MCH-CN-ZYC - Changzhou Manuf,Changzhou Xinhuachang International - 9521,2011/12,CXIC Group Hong Kong Company Limited - CXIC CHANGZ
segu7301303,SEGU7301303,OT4 - 40' Open Top,CMA CGM,On Hire,MCH-CN-ZYC - Changzhou Manuf,Changzhou Xinhuachang International - 9521,2011/12,CXIC Group Hong Kong Company Limited - CXIC CHANGZ
segu7301319,SEGU7301319,OT4 - 40' Open Top,Sold,,Not Found,Not Found,GB/C16735LR/2011,CXIC Group Hong Kong Company Limited - CXIC CHANGZ
segu7301330,SEGU7301330,OT4 - 40' Open Top,Sold,,Not Found,Not Found,GB/C16735LR/2011,CXIC Group Hong Kong Company Limited - CXIC CHANGZ
segu7301345,SEGU7301345,OT4 - 40' Open Top,CMA CGM,On Hire,MCH-CN-SHA - Shanghai,Greating Fortune Shanghai Container - 1713,2011/12,CXIC Group Hong Kong Company Limited - CXIC CHANGZ
segu7301350,SEGU7301350,OT4 - 40' Open Top,Ceekay Shipping Pte Ltd & Parekh,On Hire,MCH-CN-SHA - Shanghai,Greating Fortune Shanghai Container - 1713,2011/12,CXIC Group Hong Kong Company Limited - CXIC CHANGZ
segu7301366,SEGU7301366,OT4 - 40' Open Top,CMA CGM,On Hire,MCH-CN-ZYC - Changzhou Manuf,Changzhou Xinhuachang International - 9521,2011/12,CXIC Group Hong Kong Company Limited - CXIC CHANGZ
segu7301371,SEGU7301371,OT4 - 40' Open Top,CMA CGM,On Hire,MCH-CN-ZYC - Changzhou Manuf,Changzhou Xinhuachang International - 9521,2011/12,CXIC Group Hong Kong Company Limited - CXIC CHANGZ
segu7301387,SEGU7301387,OT4 - 40' Open Top,CMA CGM,On Hire,MCH-CN-ZYC - Changzhou Manuf,Changzhou Xinhuachang International - 9521,2011/12,CXIC Group Hong Kong Company Limited - CXIC CHANGZ
segu7301392,SEGU7301392,OT4 - 40' Open Top,CMA CGM,On Hire,MCH-CN-ZYC - Changzhou Manuf,Changzhou Xinhuachang International - 9521,2011/12,CXIC Group Hong Kong Company Limited - CXIC CHANGZ
segu7301406,SEGU7301406,OT4 - 40' Open Top,CMA CGM,On Hire,MCH-CN-ZYC - Changzhou Manuf,Changzhou Xinhuachang International - 9521,2011/12,CXIC Group Hong Kong Company Limited - CXIC CHANGZ
segu7301411,SEGU7301411,OT4 - 40' Open Top,CMA CGM,On Hire,MCH-CN-ZYC - Changzhou Manuf,Changzhou Xinhuachang International - 9521,2011/12,CXIC Group Hong Kong Company Limited - CXIC CHANGZ
segu7301427,SEGU7301427,OT4 - 40' Open Top,Ceekay Shipping Pte Ltd & Parekh,On Hire,NWE-BE-ANR - Antwerp,Teveco NV - 1918,2011/12,CXIC Group Hong Kong Company Limited - CXIC CHANGZ
segu7301432,SEGU7301432,OT4 - 40' Open Top,Ceekay Shipping Pte Ltd & Parekh,On Hire,NWE-BE-ANR - Antwerp,Teveco NV - 1918,2011/12,CXIC Group Hong Kong Company Limited - CXIC CHANGZ
segu7301448,SEGU7301448,OT4 - 40' Open Top,Sold,Not Found,Not Found,Not Found,GB/C16735LR/2011,CXIC Group Hong Kong Company Limited - CXIC CHANGZ
segu7301453,SEGU7301453,OT4 - 40' Open Top,Sold,Not Found,Not Found,Not Found,GB/C16735LR/2011,CXIC Group Hong Kong Company Limited - CXIC CHANGZ
segu7301469,SEGU7301469,OT4 - 40' Open Top,Sold,Not Found,Not Found,Not Found,GB/C16735LR/2011,CXIC Group Hong Kong Company Limited - CXIC CHANGZ
segu7301474,SEGU7301474,OT4 - 40' Open Top,CMA CGM,On Hire,NEA-KR-PUS - Busan,Busan Port Terminal Co Ltd - 1083,2011/12,CXIC Group Hong Kong Company Limited - CXIC CHANGZ
segu7301480,SEGU7301480,OT4 - 40' Open Top,Sold,Not Found,Not Found,Not Found,GB/C16735LR/2011,CXIC Group Hong Kong Company Limited - CXIC CHANGZ
segu7301495,SEGU7301495,OT4 - 40' Open Top,Sarjak Container Lines Pvt. Ltd & S,On Hire,NWE-DE-HAM - Hamburg,Remain GmbH - 1184,2011/12,CXIC Group Hong Kong Company Limited - CXIC CHANGZ
segu7301509,SEGU7301509,OT4 - 40' Open Top,Sold,Not Found,Not Found,Not Found,GB/C16735LR/2011,CXIC Group Hong Kong Company Limited - CXIC CHANGZ
segu7301514,SEGU7301514,OT4 - 40' Open Top,TS CONTAINER LINES PTE. LTD.,On Hire,SCH-CN-XMN - Xiamen,Greating Fortune (Xiamen) Container - 1862,2011/12,CXIC Group Hong Kong Company Limited - CXIC CHANGZ
segu7301520,SEGU7301520,OT4 - 40' Open Top,Sold,Not Found,Not Found,Not Found,GB/C16735LR/2011,CXIC Group Hong Kong Company Limited - CXIC CHANGZ
segu7301535,SEGU7301535,OT4 - 40' Open Top,Sold,Not Found,Not Found,Not Found,GB/C16735LR/2011,CXIC Group Hong Kong Company Limited - CXIC CHANGZ
segu7301540,SEGU7301540,OT4 - 40' Open Top,Sold,Not Found,Not Found,Not Found,GB/C16735LR/2011,CXIC Group Hong Kong Company Limited - CXIC CHANGZ
segu7301556,SEGU7301556,OT4 - 40' Open Top,Sold,Not Found,Not Found,Not Found,GB/C16735LR/2011,CXIC Group Hong Kong Company Limited - CXIC CHANGZ
segu7301561,SEGU7301561,OT4 - 40' Open Top,Sarjak Container Lines Pvt. Ltd & S,On Hire,NWE-DE-HAM - Hamburg,Remain GmbH - 1184,2011/12,CXIC Group Hong Kong Company Limited - CXIC CHANGZ
segu7301577,SEGU7301577,OT4 - 40' Open Top,Sold,Not Found,Not Found,Not Found,GB/C16735LR/2011,CXIC Group Hong Kong Company Limited - CXIC CHANGZ
segu7301582,SEGU7301582,OT4 - 40' Open Top,Sold,Not Found,Not Found,Not Found,GB/C16735LR/2011,CXIC Group Hong Kong Company Limited - CXIC CHANGZ
segu7301598,SEGU7301598,OT4 - 40' Open Top,Sold,Not Found,Not Found,Not Found,GB/C16735LR/2011,CXIC Group Hong Kong Company Limited - CXIC CHANGZ
segu7301601,SEGU7301601,OT4 - 40' Open Top,Ocean Network Express Pte. Ltd.,On Hire,NWE-DE-HAM - Hamburg,HCCR Gmbh - 1182,2011/12,CXIC Group Hong Kong Company Limited - CXIC CHANGZ
segu7301617,SEGU7301617,OT4 - 40' Open Top,Sold,Not Found,Not Found,Not Found,GB/C16735LR/2011,CXIC Group Hong Kong Company Limited - CXIC CHANGZ
segu7301622,SEGU7301622,OT4 - 40' Open Top,Ceekay Shipping Pte Ltd & Parekh,On Hire,SEA-SG-SIN - Singapore,Eng Kong Container Agencies Pte Ltd - 1547,2011/12,CXIC Group Hong Kong Company Limited - CXIC CHANGZ
segu7301638,SEGU7301638,OT4 - 40' Open Top,Sold,Not Found,Not Found,Not Found,GB/C16735LR/2011,CXIC Group Hong Kong Company Limited - CXIC CHANGZ
segu7301643,SEGU7301643,OT4 - 40' Open Top,Sold,Not Found,Not Found,Not Found,GB/C16735LR/2011,CXIC Group Hong Kong Company Limited - CXIC CHANGZ
segu7301659,SEGU7301659,OT4 - 40' Open Top,Sold,Not Found,Not Found,Not Found,GB/C16735LR/2011,CXIC Group Hong Kong Company Limited - CXIC CHANGZ
segu7301664,SEGU7301664,OT4 - 40' Open Top,Sold,Not Found,Not Found,Not Found,GB/C16735LR/2011,CXIC Group Hong Kong Company Limited - CXIC CHANGZ
segu7301670,SEGU7301670,OT4 - 40' Open Top,Transinsular-Transportes Maritimos,On Hire,MED-PT-QQQ - Portugal Pier,Portugese Pier Depot - 9008,2011/12,CXIC Group Hong Kong Company Limited - CXIC CHANGZ
segu7301685,SEGU7301685,OT4 - 40' Open Top,Sold,Not Found,Not Found,Not Found,GB/C16735LR/2011,CXIC Group Hong Kong Company Limited - CXIC CHANGZ
segu7301690,SEGU7301690,OT4 - 40' Open Top,Sarjak Container Lines Pvt. Ltd & S,On Hire,NWE-DE-HAM - Hamburg,Remain GmbH - 1184,2011/12,CXIC Group Hong Kong Company Limited - CXIC CHANGZ
segu7301704,SEGU7301704,OT4 - 40' Open Top,R.C.C. Container Trading B.V.,On Hire,NWE-NL-RTM - Rotterdam,Cetem Containers Bv - 2118,2011/12,CXIC Group Hong Kong Company Limited - CXIC CHANGZ
segu7301710,SEGU7301710,OT4 - 40' Open Top,Sold,Not Found,Not Found,Not Found,GB/C16735LR/2011,CXIC Group Hong Kong Company Limited - CXIC CHANGZ
segu7301725,SEGU7301725,OT4 - 40' Open Top,"Sinotrans Container Lines Co., Ltd",On Hire,MCH-CN-SHA - Shanghai,Greating Fortune Shanghai Container - 1713,2011/12,CXIC Group Hong Kong Company Limited - CXIC CHANGZ
segu7301730,SEGU7301730,OT4 - 40' Open Top,Sold,Not Found,Not Found,Not Found,GB/C16735LR/2011,CXIC Group Hong Kong Company Limited - CXIC CHANGZ
segu7301746,SEGU7301746,OT4 - 40' Open Top,Sold,Not Found,Not Found,Not Found,GB/C16735LR/2011,CXIC Group Hong Kong Company Limited - CXIC CHANGZ
segu7301751,SEGU7301751,OT4 - 40' Open Top,Ceekay Shipping Pte Ltd & Parekh,On Hire,NWE-BE-ANR - Antwerp,Antwerp Container Repair NV - 2449,2011/12,CXIC Group Hong Kong Company Limited - CXIC CHANGZ
segu7301767,SEGU7301767,OT4 - 40' Open Top,Ocean Network Express Pte. Ltd.,On Hire,NWE-NL-RTM - Rotterdam,United Waalhaven Terminals - 1754,2011/12,CXIC Group Hong Kong Company Limited - CXIC CHANGZ
segu7301772,SEGU7301772,OT4 - 40' Open Top,FESCO Ocean Management Limited,On Hire,NWE-DE-HAM - Hamburg,HCCR Gmbh - 1182,2011/12,CXIC Group Hong Kong Company Limited - CXIC CHANGZ
segu7301788,SEGU7301788,OT4 - 40' Open Top,"Fuzhou Mawei Shipping Co., Ltd. & F",On Hire,SCH-CN-XMN - Xiamen,Xiamen ITG Tidak Bonded Logistics C - 2627,2011/12,CXIC Group Hong Kong Company Limited - CXIC CHANGZ
segu7301793,SEGU7301793,OT4 - 40' Open Top,Swire Shipping Pte. Ltd.,On Hire,SCH-CN-XMN - Xiamen,Greating Fortune (Xiamen) Container - 1862,2011/12,CXIC Group Hong Kong Company Limited - CXIC CHANGZ
segu7301134,Timeout,Timeout,Timeout,Timeout,Timeout,Timeout,Timeout,Timeout
segu7301324,Timeout,Timeout,Timeout,Timeout,Timeout,Timeout,Timeout,Timeout
segu7301807,SEGU7301807,OT4 - 40' Open Top,Transinsular-Transportes Maritimos,On Hire,MED-PT-QQQ - Portugal Pier,Portugese Pier Depot - 9008,2011/12,CXIC Group Hong Kong Company Limited - CXIC CHANGZ
segu7301812,SEGU7301812,OT4 - 40' Open Top,CMA CGM,On Hire,MCH-CN-SHA - Shanghai,Greating Fortune Shanghai Container - 1713,2011/12,CXIC Group Hong Kong Company Limited - CXIC CHANGZ
segu7301828,Timeout,Timeout,Timeout,Timeout,Timeout,Timeout,Timeout,Timeout
segu7301833,Timeout,Timeout,Timeout,Timeout,Timeout,Timeout,Timeout,Timeout
segu7301849,Timeout,Timeout,Timeout,Timeout,Timeout,Timeout,Timeout,Timeout
segu7301854,Timeout,Timeout,Timeout,Timeout,Timeout,Timeout,Timeout,Timeout
segu7301860,SEGU7301860,OT4 - 40' Open Top,Sarjak Container Lines Pvt. Ltd & S,On Hire,NWE-DE-HAM - Hamburg,Remain GmbH - 1184,2011/12,CXIC Group Hong Kong Company Limited - CXIC CHANGZ
segu7301875,Timeout,Timeout,Timeout,Timeout,Timeout,Timeout,Timeout,Timeout
segu7301880,SEGU7301880,OT4 - 40' Open Top,Ocean Network Express Pte. Ltd.,On Hire,MCH-CN-SHA - Shanghai,Greating Fortune Shanghai Container - 1713,2011/12,CXIC Group Hong Kong Company Limited - CXIC CHANGZ
segu7301896,SEGU7301896,OT4 - 40' Open Top,Ocean Network Express Pte. Ltd.,On Hire,MED-IT-SPE - La Spezia,Spinelli Srl - 2003,2011/12,CXIC Group Hong Kong Company Limited - CXIC CHANGZ
segu7301900,SEGU7301900,OT4 - 40' Open Top,CMA CGM,On Hire,MCH-CN-ZYC - Changzhou Manuf,Changzhou Xinhuachang International - 9521,2011/12,CXIC Group Hong Kong Company Limited - CXIC CHANGZ
segu7301915,SEGU7301915,OT4 - 40' Open Top,Ocean Network Express Pte. Ltd.,On Hire,NWE-DE-HAM - Hamburg,Remain GmbH - 1706,2011/12,CXIC Group Hong Kong Company Limited - CXIC CHANGZ
segu7301920,Timeout,Timeout,Timeout,Timeout,Timeout,Timeout,Timeout,Timeout
segu7301936,SEGU7301936,OT4 - 40' Open Top,MSC Mediterranean Shipping Company,On Hire,NCH-CN-TAO - Qingdao,Singamas Logistics Qingdao Co Ltd - 1924,2011/12,CXIC Group Hong Kong Company Limited - CXIC CHANGZ
segu7301941,Timeout,Timeout,Timeout,Timeout,Timeout,Timeout,Timeout,Timeout
segu7301957,Timeout,Timeout,Timeout,Timeout,Timeout,Timeout,Timeout,Timeout
segu7301962,SEGU7301962,OT4 - 40' Open Top,Ocean Network Express Pte. Ltd.,On Hire,NWE-BE-ANR - Antwerp,Antwerp Container Repair NV - 2449,2011/12,CXIC Group Hong Kong Company Limited - CXIC CHANGZ
segu7301978,SEGU7301978,OT4 - 40' Open Top,CMA CGM,On Hire,MCH-CN-ZYC - Changzhou Manuf,Changzhou Xinhuachang International - 9521,2011/12,CXIC Group Hong Kong Company Limited - CXIC CHANGZ
segu7301983,SEGU7301983,OT4 - 40' Open Top,CMA CGM,On Hire,MCH-CN-ZYC - Changzhou Manuf,Changzhou Xinhuachang International - 9521,2011/12,CXIC Group Hong Kong Company Limited - CXIC CHANGZ
segu7301999,SEGU7301999,OT4 - 40' Open Top,CMA CGM,On Hire,MCH-CN-ZYC - Changzhou Manuf,Changzhou Xinhuachang International - 9521,2011/12,CXIC Group Hong Kong Company Limited - CXIC CHANGZ
segu7302001,SEGU7302001,OT4 - 40' Open Top,CMA CGM,On Hire,MCH-CN-ZYC - Changzhou Manuf,Changzhou Xinhuachang International - 9521,2011/12,CXIC Group Hong Kong Company Limited - CXIC CHANGZ
segu7302017,Timeout,Timeout,Timeout,Timeout,Timeout,Timeout,Timeout,Timeout
segu7302022,Timeout,Timeout,Timeout,Timeout,Timeout,Timeout,Timeout,Timeout
segu7302038,Timeout,Timeout,Timeout,Timeout,Timeout,Timeout,Timeout,Timeout
segu7302043,SEGU7302043,OT4 - 40' Open Top,CMA CGM,On Hire,MCH-CN-ZYC - Changzhou Manuf,Changzhou Xinhuachang International - 9521,2011/12,CXIC Group Hong Kong Company Limited - CXIC CHANGZ
segu7302059,SEGU7302059,OT4 - 40' Open Top,CMA CGM,On Hire,MCH-CN-ZYC - Changzhou Manuf,Changzhou Xinhuachang International - 9521,2011/12,CXIC Group Hong Kong Company Limited - CXIC CHANGZ
segu7302064,Timeout,Timeout,Timeout,Timeout,Timeout,Timeout,Timeout,Timeout
segu7302070,SEGU7302070,OT4 - 40' Open Top,CMA CGM,On Hire,MCH-CN-ZYC - Changzhou Manuf,Changzhou Xinhuachang International - 9521,2011/12,CXIC Group Hong Kong Company Limited - CXIC CHANGZ
segu7302085,SEGU7302085,OT4 - 40' Open Top,CMA CGM,On Hire,MCH-CN-ZYC - Changzhou Manuf,Changzhou Xinhuachang International - 9521,2011/12,CXIC Group Hong Kong Company Limited - CXIC CHANGZ
segu7302090,SEGU7302090,OT4 - 40' Open Top,CMA CGM,On Hire,MCH-CN-ZYC - Changzhou Manuf,Changzhou Xinhuachang International - 9521,2011/12,CXIC Group Hong Kong Company Limited - CXIC CHANGZ
segu7302104,SEGU7302104,OT4 - 40' Open Top,CMA CGM,On Hire,MCH-CN-ZYC - Changzhou Manuf,Changzhou Xinhuachang International - 9521,2011/12,CXIC Group Hong Kong Company Limited - CXIC CHANGZ
segu7302110,Timeout,Timeout,Timeout,Timeout,Timeout,Timeout,Timeout,Timeout
segu7302125,Timeout,Timeout,Timeout,Timeout,Timeout,Timeout,Timeout,Timeout
segu7302130,Timeout,Timeout,Timeout,Timeout,Timeout,Timeout,Timeout,Timeout
segu7302146,Timeout,Timeout,Timeout,Timeout,Timeout,Timeout,Timeout,Timeout
segu7302151,Timeout,Timeout,Timeout,Timeout,Timeout,Timeout,Timeout,Timeout
segu7302167,SEGU7302167,OT4 - 40' Open Top,CMA CGM,On Hire,MCH-CN-ZYC - Changzhou Manuf,Changzhou Xinhuachang International - 9521,2011/12,CXIC Group Hong Kong Company Limited - CXIC CHANGZ
segu7302172,SEGU7302172,OT4 - 40' Open Top,CMA CGM,On Hire,MCH-CN-ZYC - Changzhou Manuf,Changzhou Xinhuachang International - 9521,2011/12,CXIC Group Hong Kong Company Limited - CXIC CHANGZ
segu7302188,SEGU7302188,OT4 - 40' Open Top,CMA CGM,On Hire,MCH-CN-ZYC - Changzhou Manuf,Changzhou Xinhuachang International - 9521,2011/12,CXIC Group Hong Kong Company Limited - CXIC CHANGZ
segu7302193,Timeout,Timeout,Timeout,Timeout,Timeout,Timeout,Timeout,Timeout
segu7302207,SEGU7302207,OT4 - 40' Open Top,CMA CGM,On Hire,MCH-CN-SHA - Shanghai,Greating Fortune Shanghai Container - 1713,2011/12,CXIC Group Hong Kong Company Limited - CXIC CHANGZ
segu7302212,Timeout,Timeout,Timeout,Timeout,Timeout,Timeout,Timeout,Timeout
segu7302228,Timeout,Timeout,Timeout,Timeout,Timeout,Timeout,Timeout,Timeout
segu7302233,Timeout,Timeout,Timeout,Timeout,Timeout,Timeout,Timeout,Timeout
segu7302249,Timeout,Timeout,Timeout,Timeout,Timeout,Timeout,Timeout,Timeout
segu7302254,Timeout,Timeout,Timeout,Timeout,Timeout,Timeout,Timeout,Timeout
segu7302260,SEGU7302260,OT4 - 40' Open Top,Sarjak Container Lines Pvt. Ltd & S,On Hire,NWE-DE-HAM - Hamburg,Remain GmbH - 1184,2011/12,CXIC Group Hong Kong Company Limited - CXIC CHANGZ
segu7302275,SEGU7302275,OT4 - 40' Open Top,Sarjak Container Lines Pvt. Ltd & S,On Hire,NWE-DE-HAM - Hamburg,Remain GmbH - 1184,2011/12,CXIC Group Hong Kong Company Limited - CXIC CHANGZ
segu7302280,Timeout,Timeout,Timeout,Timeout,Timeout,Timeout,Timeout,Timeout
segu7302296,Timeout,Timeout,Timeout,Timeout,Timeout,Timeout,Timeout,Timeout
segu7302300,SEGU7302300,OT4 - 40' Open Top,Ocean Network Express Pte. Ltd.,On Hire,MED-IT-GOA - Genoa,Derrick Service S R L - 1992,2011/12,CXIC Group Hong Kong Company Limited - CXIC CHANGZ
segu7302315,Timeout,Timeout,Timeout,Timeout,Timeout,Timeout,Timeout,Timeout
segu7302320,Timeout,Timeout,Timeout,Timeout,Timeout,Timeout,Timeout,Timeout
segu7302336,Timeout,Timeout,Timeout,Timeout,Timeout,Timeout,Timeout,Timeout
segu7302341,Timeout,Timeout,Timeout,Timeout,Timeout,Timeout,Timeout,Timeout
segu7302357,Timeout,Timeout,Timeout,Timeout,Timeout,Timeout,Timeout,Timeout
segu7302362,SEGU7302362,OT4 - 40' Open Top,MSC Mediterranean Shipping Company,On Hire,MED-IT-NAP - Naples,MECOSER SISTEMI SPA - 1360,2011/12,CXIC Group Hong Kong Company Limited - CXIC CHANGZ
segu7302378,Timeout,Timeout,Timeout,Timeout,Timeout,Timeout,Timeout,Timeout
segu7302383,Timeout,Timeout,Timeout,Timeout,Timeout,Timeout,Timeout,Timeout
segu7302399,SEGU7302399,OT4 - 40' Open Top,Ocean Network Express Pte. Ltd.,On Hire,NWE-DE-HAM - Hamburg,HCCR Gmbh - 1182,2011/12,CXIC Group Hong Kong Company Limited - CXIC CHANGZ
segu7302402,Timeout,Timeout,Timeout,Timeout,Timeout,Timeout,Timeout,Timeout
segu7302418,SEGU7302418,OT4 - 40' Open Top,Ceekay Shipping Pte Ltd & Parekh,On Hire,MCH-CN-SHA - Shanghai,Shanghai Jia Wang International Trade - 2448,2011/12,CXIC Group Hong Kong Company Limited - CXIC CHANGZ
segu7302423,SEGU7302423,OT4 - 40' Open Top,MSC Mediterranean Shipping Company,On Hire,NWE-FR-LEH - Le Havre,Arnal Le Havre - 1268,2011/12,CXIC Group Hong Kong Company Limited - CXIC CHANGZ
segu7302439,SEGU7302439,OT4 - 40' Open Top,CMA CGM,On Hire,MCH-CN-SHA - Shanghai,Greating Fortune Shanghai Container - 1713,2011/12,CXIC Group Hong Kong Company Limited - CXIC CHANGZ
segu7302444,Timeout,Timeout,Timeout,Timeout,Timeout,Timeout,Timeout,Timeout
segu7302450,SEGU7302450,OT4 - 40' Open Top,Sarjak Container Lines Pvt. Ltd & S,On Hire,NWE-DE-HAM - Hamburg,Remain GmbH - 1184,2011/12,CXIC Group Hong Kong Company Limited - CXIC CHANGZ
segu7302465,SEGU7302465,OT4 - 40' Open Top,CMA CGM,On Hire,NEA-KR-PUS - Busan,Busan Port Terminal Co Ltd - 1083,2011/12,CXIC Group Hong Kong Company Limited - CXIC CHANGZ
segu7302470,Timeout,Timeout,Timeout,Timeout,Timeout,Timeout,Timeout,Timeout
segu7302486,SEGU7302486,OT4 - 40' Open Top,Sarjak Container Lines Pvt. Ltd & S,On Hire,MCH-CN-SHA - Shanghai,Shanghai Jia Wang International Trade - 2448,2011/12,CXIC Group Hong Kong Company Limited - CXIC CHANGZ
segu7302491,Timeout,Timeout,Timeout,Timeout,Timeout,Timeout,Timeout,Timeout
segu7302505,Timeout,Timeout,Timeout,Timeout,Timeout,Timeout,Timeout,Timeout
segu7302510,Timeout,Timeout,Timeout,Timeout,Timeout,Timeout,Timeout,Timeout
segu7302526,Timeout,Timeout,Timeout,Timeout,Timeout,Timeout,Timeout,Timeout
segu7302531,Timeout,Timeout,Timeout,Timeout,Timeout,Timeout,Timeout,Timeout
segu7302547,Timeout,Timeout,Timeout,Timeout,Timeout,Timeout,Timeout,Timeout
segu7302552,SEGU7302552,OT4 - 40' Open Top,DARIO PERIOLI S.P.A.,On Hire,MED-ES-VLC - Valencia,Tecnica y Manutencion SL (TYMSA) - 1521,2011/12,CXIC Group Hong Kong Company Limited - CXIC CHANGZ
segu7302568,Timeout,Timeout,Timeout,Timeout,Timeout,Timeout,Timeout,Timeout
segu7302573,Timeout,Timeout,Timeout,Timeout,Timeout,Timeout,Timeout,Timeout
segu7302589,SEGU7302589,OT4 - 40' Open Top,MSC Mediterranean Shipping Company,On Hire,MED-ES-BCN - Barcelona,Tecnica Y Manutencion S.L.(TYMSA) - 1999,2011/12,CXIC Group Hong Kong Company Limited - CXIC CHANGZ
segu7302594,Timeout,Timeout,Timeout,Timeout,Timeout,Timeout,Timeout,Timeout
segu7302608,Timeout,Timeout,Timeout,Timeout,Timeout,Timeout,Timeout,Timeout
segu7302613,Timeout,Timeout,Timeout,Timeout,Timeout,Timeout,Timeout,Timeout
segu7302629,SEGU7302629,OT4 - 40' Open Top,"Sinotrans Container Lines Co., Ltd",On Hire,MCH-CN-SHA - Shanghai,Greating Fortune Shanghai Container - 1713,2011/12,CXIC Group Hong Kong Company Limited - CXIC CHANGZ
segu7302634,SEGU7302634,OT4 - 40' Open Top,Sarjak Container Lines Pvt. Ltd & S,On Hire,SEA-SG-SIN - Singapore,Eng Kong Container Agencies Pte Ltd - 1547,2011/12,CXIC Group Hong Kong Company Limited - CXIC CHANGZ
segu7302640,Timeout,Timeout,Timeout,Timeout,Timeout,Timeout,Timeout,Timeout
segu7302655,Timeout,Timeout,Timeout,Timeout,Timeout,Timeout,Timeout,Timeout
segu7302660,Timeout,Timeout,Timeout,Timeout,Timeout,Timeout,Timeout,Timeout
